Generation,0,mu,2,lambda,1,seed,843041747070952639
parameters,661,2954,2298,0.249709,0.004468,198,114,36,1,fitnesses,5.0,2093.862061,0.0,
Generation,1
parameters,661,2954,2298,0.249709,0.004468,198,114,36,1,fitnesses,5.0,2093.862061,0.0,
